"Med_idade","DesvP_idade","Med_nivel","Desvp_nivel"
25.7931034482759,4.95248357857541,2.82758620689655,0.384425872219245
